base,city_style,city,generated_image,predicted_values,target_path,ground_truth,prompt,clip_score,ranking
44_13_r0_d1,_chicago,chicago,/Users/wangzhuoyulucas/SMART /generatedImg/show-case-FID/44_13_r0_d1___Chicago____2.png,"[56.21733093261719, 878.6881713867188, 230.3123016357422]",./urban_data/tencities/GenAI_density/Chicago/satellite_images_z17/r0_d1_cv/44_13_r0_d1_cv.jpg,"[45.1, 485.1, 332.1]",Satellite imagery of Chicago. The total built-up surface area is 45.1 thousand square meters. The total built-up volume is 485.1 thousand cubic meters. The population in this area is about 332.1.,18.120317459106445,top5
56_28_r0_d1,_chicago,chicago,/Users/wangzhuoyulucas/SMART /generatedImg/show-case-FID/56_28_r0_d1___Chicago____0.png,"[83.77264404296875, 1217.90234375, 137.19886779785156]",./urban_data/tencities/GenAI_density/Chicago/satellite_images_z17/r0_d1_cv/56_28_r0_d1_cv.jpg,"[97.1, 1244.2, 74.3]",Satellite imagery of Chicago. The total built-up surface area is 97.1 thousand square meters. The total built-up volume is 1244.2 thousand cubic meters. The population in this area is about 74.3.,18.080476760864258,top5
62_61_r0_d1,_chicago,chicago,/Users/wangzhuoyulucas/SMART /generatedImg/show-case-FID/62_61_r0_d1___Chicago____1.png,"[49.84191131591797, 673.6088256835938, 815.5166625976562]",./urban_data/tencities/GenAI_density/Chicago/satellite_images_z17/r0_d1_cv/62_61_r0_d1_cv.jpg,"[44.0, 405.5, 1263.5]",Satellite imagery of Chicago. The total built-up surface area is 44.0 thousand square meters. The total built-up volume is 405.5 thousand cubic meters. The population in this area is about 1263.5.,17.901613235473633,top5
34_45_r0_d0,_chicago,chicago,/Users/wangzhuoyulucas/SMART /generatedImg/show-case-FID/34_45_r0_d0___Chicago____2.png,"[73.14602661132812, 1046.813232421875, 149.8116912841797]",./urban_data/tencities/GenAI_density/Chicago/satellite_images_z17/r0_d0_cv/34_45_r0_d0_cv.jpg,"[50.9, 450.3, 442.2]",Satellite imagery of Chicago. The total built-up surface area is 50.9 thousand square meters. The total built-up volume is 450.3 thousand cubic meters. The population in this area is about 442.2.,17.772594451904297,top5
79_28_r0_d0,_chicago,chicago,/Users/wangzhuoyulucas/SMART /generatedImg/show-case-FID/79_28_r0_d0___Chicago____2.png,"[5.055917263031006, 24.641218185424805, 20.990182876586914]",./urban_data/tencities/GenAI_density/Chicago/satellite_images_z17/r0_d0_cv/79_28_r0_d0_cv.jpg,"[0.4, 1.4, 0.0]",Satellite imagery of Chicago. The total built-up surface area is 0.4 thousand square meters. The total built-up volume is 1.4 thousand cubic meters. The population in this area is about 0.0.,17.770811080932617,top5
5_43_r0_d1,_chicago,chicago,/Users/wangzhuoyulucas/SMART /generatedImg/show-case-FID/5_43_r0_d1___Chicago____2.png,"[62.235435485839844, 718.3855590820312, 863.759765625]",./urban_data/tencities/GenAI_density/Chicago/satellite_images_z17/r0_d1_cv/5_43_r0_d1_cv.jpg,"[48.5, 339.5, 436.4]",Satellite imagery of Chicago. The total built-up surface area is 48.5 thousand square meters. The total built-up volume is 339.5 thousand cubic meters. The population in this area is about 436.4.,16.74436378479004,bottom5
44_13_r0_d1,_munich,chicago,/Users/wangzhuoyulucas/SMART /generatedImg/show-case-FID/44_13_r0_d1___Munich____0.png,"[50.262611389160156, 644.519775390625, 2083.564697265625]",./urban_data/tencities/GenAI_density/Chicago/satellite_images_z17/r0_d1_cv/44_13_r0_d1_cv.jpg,"[45.1, 485.1, 332.1]",Satellite imagery of Chicago. The total built-up surface area is 45.1 thousand square meters. The total built-up volume is 485.1 thousand cubic meters. The population in this area is about 332.1.,16.716218948364258,bottom5
41_13_r0_d0,_chicago,chicago,/Users/wangzhuoyulucas/SMART /generatedImg/show-case-FID/41_13_r0_d0___Chicago____2.png,"[5.814523220062256, 46.91112518310547, 26.406625747680664]",./urban_data/tencities/GenAI_density/Chicago/satellite_images_z17/r0_d0_cv/41_13_r0_d0_cv.jpg,"[1.1, 7.4, 0.0]",Satellite imagery of Chicago. The total built-up surface area is 1.1 thousand square meters. The total built-up volume is 7.4 thousand cubic meters. The population in this area is about 0.0.,16.626916885375977,bottom5
53_8_r0_d1,_chicago,chicago,/Users/wangzhuoyulucas/SMART /generatedImg/show-case-FID/53_8_r0_d1___Chicago____1.png,"[25.20484161376953, 293.96875, 198.25604248046875]",./urban_data/tencities/GenAI_density/Chicago/satellite_images_z17/r0_d1_cv/53_8_r0_d1_cv.jpg,"[16.8, 118.0, 152.5]",Satellite imagery of Chicago. The total built-up surface area is 16.8 thousand square meters. The total built-up volume is 118.0 thousand cubic meters. The population in this area is about 152.5.,16.51300811767578,bottom5
41_13_r0_d0,_chicago,chicago,/Users/wangzhuoyulucas/SMART /generatedImg/show-case-FID/41_13_r0_d0___Chicago____1.png,"[3.019802570343017, 22.028596878051758, 24.43690299987793]",./urban_data/tencities/GenAI_density/Chicago/satellite_images_z17/r0_d0_cv/41_13_r0_d0_cv.jpg,"[1.1, 7.4, 0.0]",Satellite imagery of Chicago. The total built-up surface area is 1.1 thousand square meters. The total built-up volume is 7.4 thousand cubic meters. The population in this area is about 0.0.,16.28074836730957,bottom5
30_41_r0_d2,_hongkong,hongkong,/Users/wangzhuoyulucas/SMART /generatedImg/show-case-FID/30_41_r0_d2___HongKong____0.png,"[59.15694046020508, 1751.908935546875, 15575.646484375]",./urban_data/tencities/GenAI_density/HongKong/satellite_images_z17/r0_d2_cv/30_41_r0_d2_cv.jpg,"[52.5, 1997.8, 13131.2]",Satellite imagery of HongKong. The total built-up surface area is 52.5 thousand square meters. The total built-up volume is 1997.8 thousand cubic meters. The population in this area is about 13131.2.,17.890522003173828,top5
24_36_r1_d2,_hongkong,hongkong,/Users/wangzhuoyulucas/SMART /generatedImg/show-case-FID/24_36_r1_d2___HongKong____1.png,"[60.62260818481445, 1929.9429931640625, 15283.095703125]",./urban_data/tencities/GenAI_density/HongKong/satellite_images_z17/r1_d2_cv/24_36_r1_d2_cv.jpg,"[59.6, 2348.6, 17193.6]",Satellite imagery of HongKong. The total built-up surface area is 59.6 thousand square meters. The total built-up volume is 2348.6 thousand cubic meters. The population in this area is about 17193.6.,17.873146057128906,top5
13_42_r0_d1,_hongkong,hongkong,/Users/wangzhuoyulucas/SMART /generatedImg/show-case-FID/13_42_r0_d1___HongKong____1.png,"[0.136454537510871, 1.4983072280883791, 5.974884510040283]",./urban_data/tencities/GenAI_density/HongKong/satellite_images_z17/r0_d1_cv/13_42_r0_d1_cv.jpg,"[0.0, 0.0, 0.1]",Satellite imagery of HongKong. The total built-up surface area is 0.0 thousand square meters. The total built-up volume is 0.0 thousand cubic meters. The population in this area is about 0.1.,17.839874267578125,top5
13_42_r0_d1,_hongkong,hongkong,/Users/wangzhuoyulucas/SMART /generatedImg/show-case-FID/13_42_r0_d1___HongKong____2.png,"[0.662732481956481, 6.86353874206543, 45.17680358886719]",./urban_data/tencities/GenAI_density/HongKong/satellite_images_z17/r0_d1_cv/13_42_r0_d1_cv.jpg,"[0.0, 0.0, 0.1]",Satellite imagery of HongKong. The total built-up surface area is 0.0 thousand square meters. The total built-up volume is 0.0 thousand cubic meters. The population in this area is about 0.1.,17.822240829467773,top5
13_42_r0_d1,_hongkong,hongkong,/Users/wangzhuoyulucas/SMART /generatedImg/show-case-FID/13_42_r0_d1___HongKong____0.png,"[0.17542551457881903, 2.118736982345581, 8.759968757629395]",./urban_data/tencities/GenAI_density/HongKong/satellite_images_z17/r0_d1_cv/13_42_r0_d1_cv.jpg,"[0.0, 0.0, 0.1]",Satellite imagery of HongKong. The total built-up surface area is 0.0 thousand square meters. The total built-up volume is 0.0 thousand cubic meters. The population in this area is about 0.1.,17.814830780029297,top5
28_43_r1_d1,_hongkong,hongkong,/Users/wangzhuoyulucas/SMART /generatedImg/show-case-FID/28_43_r1_d1___HongKong____2.png,"[46.17386245727539, 1353.0501708984375, 7833.94970703125]",./urban_data/tencities/GenAI_density/HongKong/satellite_images_z17/r1_d1_cv/28_43_r1_d1_cv.jpg,"[43.5, 1307.1, 12272.9]",Satellite imagery of HongKong. The total built-up surface area is 43.5 thousand square meters. The total built-up volume is 1307.1 thousand cubic meters. The population in this area is about 12272.9.,17.028493881225586,bottom5
28_55_r0_d1,_hongkong,hongkong,/Users/wangzhuoyulucas/SMART /generatedImg/show-case-FID/28_55_r0_d1___HongKong____2.png,"[12.041696548461914, 155.78225708007812, 1461.766845703125]",./urban_data/tencities/GenAI_density/HongKong/satellite_images_z17/r0_d1_cv/28_55_r0_d1_cv.jpg,"[3.3, 13.6, 44.4]",Satellite imagery of HongKong. The total built-up surface area is 3.3 thousand square meters. The total built-up volume is 13.6 thousand cubic meters. The population in this area is about 44.4.,16.963329315185547,bottom5
28_55_r0_d1,_hongkong,hongkong,/Users/wangzhuoyulucas/SMART /generatedImg/show-case-FID/28_55_r0_d1___HongKong____0.png,"[6.448417663574219, 95.23439025878906, 1145.55078125]",./urban_data/tencities/GenAI_density/HongKong/satellite_images_z17/r0_d1_cv/28_55_r0_d1_cv.jpg,"[3.3, 13.6, 44.4]",Satellite imagery of HongKong. The total built-up surface area is 3.3 thousand square meters. The total built-up volume is 13.6 thousand cubic meters. The population in this area is about 44.4.,16.921855926513672,bottom5
30_45_r0_d0,_hongkong,hongkong,/Users/wangzhuoyulucas/SMART /generatedImg/show-case-FID/30_45_r0_d0___HongKong____1.png,"[19.50432586669922, 356.0220031738281, 5521.72705078125]",./urban_data/tencities/GenAI_density/HongKong/satellite_images_z17/r0_d0_cv/30_45_r0_d0_cv.jpg,"[12.4, 193.3, 3013.0]",Satellite imagery of HongKong. The total built-up surface area is 12.4 thousand square meters. The total built-up volume is 193.3 thousand cubic meters. The population in this area is about 3013.0.,16.77876091003418,bottom5
31_32_r1_d1,_hongkong,hongkong,/Users/wangzhuoyulucas/SMART /generatedImg/show-case-FID/31_32_r1_d1___HongKong____1.png,"[11.255038261413574, 263.23883056640625, 3068.50439453125]",./urban_data/tencities/GenAI_density/HongKong/satellite_images_z17/r1_d1_cv/31_32_r1_d1_cv.jpg,"[12.3, 204.1, 2982.4]",Satellite imagery of HongKong. The total built-up surface area is 12.3 thousand square meters. The total built-up volume is 204.1 thousand cubic meters. The population in this area is about 2982.4.,16.642982482910156,bottom5
28_18_r1_d2,_kigali,kigali,/Users/wangzhuoyulucas/SMART /generatedImg/show-case-FID/28_18_r1_d2___Kigali____0.png,"[64.49893951416016, 602.6529541015625, 1465.2974853515625]",./urban_data/tencities/GenAI_density/Kigali/satellite_images_z17/r1_d2_cv/28_18_r1_d2_cv.jpg,"[63.3, 684.0, 2361.1]",Satellite imagery of Kigali. The total built-up surface area is 63.3 thousand square meters. The total built-up volume is 684.0 thousand cubic meters. The population in this area is about 2361.1.,16.7045955657959,top5
40_19_r1_d0,_kigali,kigali,/Users/wangzhuoyulucas/SMART /generatedImg/show-case-FID/40_19_r1_d0___Kigali____0.png,"[6.6927762031555185, 23.75701332092285, 67.33114624023438]",./urban_data/tencities/GenAI_density/Kigali/satellite_images_z17/r1_d0_cv/40_19_r1_d0_cv.jpg,"[6.4, 22.0, 94.2]",Satellite imagery of Kigali. The total built-up surface area is 6.4 thousand square meters. The total built-up volume is 22.0 thousand cubic meters. The population in this area is about 94.2.,16.687204360961914,top5
21_15_r0_d1,_kigali,kigali,/Users/wangzhuoyulucas/SMART /generatedImg/show-case-FID/21_15_r0_d1___Kigali____0.png,"[62.37269973754883, 552.6312255859375, 1769.7584228515625]",./urban_data/tencities/GenAI_density/Kigali/satellite_images_z17/r0_d1_cv/21_15_r0_d1_cv.jpg,"[60.0, 756.0, 2098.0]",Satellite imagery of Kigali. The total built-up surface area is 60.0 thousand square meters. The total built-up volume is 756.0 thousand cubic meters. The population in this area is about 2098.0.,16.683937072753906,top5
6_22_r0_d1,_kigali,kigali,/Users/wangzhuoyulucas/SMART /generatedImg/show-case-FID/6_22_r0_d1___Kigali____0.png,"[27.614301681518555, 148.4240264892578, 443.0661315917969]",./urban_data/tencities/GenAI_density/Kigali/satellite_images_z17/r0_d1_cv/6_22_r0_d1_cv.jpg,"[30.8, 225.3, 600.2]",Satellite imagery of Kigali. The total built-up surface area is 30.8 thousand square meters. The total built-up volume is 225.3 thousand cubic meters. The population in this area is about 600.2.,16.676071166992188,top5
25_12_r1_d0,_kigali,kigali,/Users/wangzhuoyulucas/SMART /generatedImg/show-case-FID/25_12_r1_d0___Kigali____0.png,"[61.14057540893555, 556.8456420898438, 1877.0078125]",./urban_data/tencities/GenAI_density/Kigali/satellite_images_z17/r1_d0_cv/25_12_r1_d0_cv.jpg,"[65.6, 824.7, 3771.6]",Satellite imagery of Kigali. The total built-up surface area is 65.6 thousand square meters. The total built-up volume is 824.7 thousand cubic meters. The population in this area is about 3771.6.,16.648765563964844,top5
24_51_r2_d1,_kigali,kigali,/Users/wangzhuoyulucas/SMART /generatedImg/show-case-FID/24_51_r2_d1___Kigali____2.png,"[20.155696868896484, 95.31039428710938, 200.4920654296875]",./urban_data/tencities/GenAI_density/Kigali/satellite_images_z17/r2_d1_cv/24_51_r2_d1_cv.jpg,"[18.4, 84.2, 286.8]",Satellite imagery of Kigali. The total built-up surface area is 18.4 thousand square meters. The total built-up volume is 84.2 thousand cubic meters. The population in this area is about 286.8.,16.15692901611328,bottom5
21_15_r0_d1,_kigali,kigali,/Users/wangzhuoyulucas/SMART /generatedImg/show-case-FID/21_15_r0_d1___Kigali____1.png,"[66.3315658569336, 839.322265625, 3276.429931640625]",./urban_data/tencities/GenAI_density/Kigali/satellite_images_z17/r0_d1_cv/21_15_r0_d1_cv.jpg,"[60.0, 756.0, 2098.0]",Satellite imagery of Kigali. The total built-up surface area is 60.0 thousand square meters. The total built-up volume is 756.0 thousand cubic meters. The population in this area is about 2098.0.,15.81845760345459,bottom5
25_12_r1_d0,_kigali,kigali,/Users/wangzhuoyulucas/SMART /generatedImg/show-case-FID/25_12_r1_d0___Kigali____1.png,"[64.8629379272461, 611.7861938476562, 2091.1015625]",./urban_data/tencities/GenAI_density/Kigali/satellite_images_z17/r1_d0_cv/25_12_r1_d0_cv.jpg,"[65.6, 824.7, 3771.6]",Satellite imagery of Kigali. The total built-up surface area is 65.6 thousand square meters. The total built-up volume is 824.7 thousand cubic meters. The population in this area is about 3771.6.,15.767457962036133,bottom5
17_51_r1_d0,_kigali,kigali,/Users/wangzhuoyulucas/SMART /generatedImg/show-case-FID/17_51_r1_d0___Kigali____1.png,"[17.039386749267578, 79.27568054199219, 293.2659606933594]",./urban_data/tencities/GenAI_density/Kigali/satellite_images_z17/r1_d0_cv/17_51_r1_d0_cv.jpg,"[14.7, 50.5, 220.8]",Satellite imagery of Kigali. The total built-up surface area is 14.7 thousand square meters. The total built-up volume is 50.5 thousand cubic meters. The population in this area is about 220.8.,15.67370319366455,bottom5
27_23_r1_d1,_kigali,kigali,/Users/wangzhuoyulucas/SMART /generatedImg/show-case-FID/27_23_r1_d1___Kigali____1.png,"[52.54900360107422, 523.9671630859375, 978.676025390625]",./urban_data/tencities/GenAI_density/Kigali/satellite_images_z17/r1_d1_cv/27_23_r1_d1_cv.jpg,"[53.1, 506.3, 1632.8]",Satellite imagery of Kigali. The total built-up surface area is 53.1 thousand square meters. The total built-up volume is 506.3 thousand cubic meters. The population in this area is about 1632.8.,15.65558910369873,bottom5
60_39_r1_d1,_kinshasa,kinshasa,/Users/wangzhuoyulucas/SMART /generatedImg/show-case-FID/60_39_r1_d1___Kinshasa____1.png,"[0.43705016374588, 3.102555751800537, 20.730571746826172]",./urban_data/tencities/GenAI_density/Kinshasa/satellite_images_z17/r1_d1_cv/60_39_r1_d1_cv.jpg,"[0.0, 0.0, 0.0]",Satellite imagery of Kinshasa. The total built-up surface area is 0.0 thousand square meters. The total built-up volume is 0.0 thousand cubic meters. The population in this area is about 0.0.,17.78420066833496,top5
60_39_r1_d1,_kinshasa,kinshasa,/Users/wangzhuoyulucas/SMART /generatedImg/show-case-FID/60_39_r1_d1___Kinshasa____2.png,"[0.45204180479049605, 3.093512773513794, 24.97248649597168]",./urban_data/tencities/GenAI_density/Kinshasa/satellite_images_z17/r1_d1_cv/60_39_r1_d1_cv.jpg,"[0.0, 0.0, 0.0]",Satellite imagery of Kinshasa. The total built-up surface area is 0.0 thousand square meters. The total built-up volume is 0.0 thousand cubic meters. The population in this area is about 0.0.,17.778263092041016,top5
60_39_r1_d1,_kinshasa,kinshasa,/Users/wangzhuoyulucas/SMART /generatedImg/show-case-FID/60_39_r1_d1___Kinshasa____0.png,"[0.549071371555328, 3.862532377243042, 35.378631591796875]",./urban_data/tencities/GenAI_density/Kinshasa/satellite_images_z17/r1_d1_cv/60_39_r1_d1_cv.jpg,"[0.0, 0.0, 0.0]",Satellite imagery of Kinshasa. The total built-up surface area is 0.0 thousand square meters. The total built-up volume is 0.0 thousand cubic meters. The population in this area is about 0.0.,17.767009735107422,top5
38_50_r0_d1,_kinshasa,kinshasa,/Users/wangzhuoyulucas/SMART /generatedImg/show-case-FID/38_50_r0_d1___Kinshasa____2.png,"[80.57984161376953, 577.1123657226562, 6773.63671875]",./urban_data/tencities/GenAI_density/Kinshasa/satellite_images_z17/r0_d1_cv/38_50_r0_d1_cv.jpg,"[87.1, 650.5, 4822.5]",Satellite imagery of Kinshasa. The total built-up surface area is 87.1 thousand square meters. The total built-up volume is 650.5 thousand cubic meters. The population in this area is about 4822.5.,17.6749324798584,top5
38_50_r0_d1,_kinshasa,kinshasa,/Users/wangzhuoyulucas/SMART /generatedImg/show-case-FID/38_50_r0_d1___Kinshasa____0.png,"[79.8818130493164, 583.2989501953125, 5107.31103515625]",./urban_data/tencities/GenAI_density/Kinshasa/satellite_images_z17/r0_d1_cv/38_50_r0_d1_cv.jpg,"[87.1, 650.5, 4822.5]",Satellite imagery of Kinshasa. The total built-up surface area is 87.1 thousand square meters. The total built-up volume is 650.5 thousand cubic meters. The population in this area is about 4822.5.,17.588991165161133,top5
60_37_r1_d1,_kinshasa,kinshasa,/Users/wangzhuoyulucas/SMART /generatedImg/show-case-FID/60_37_r1_d1___Kinshasa____1.png,"[52.61377716064453, 421.1909484863281, 3579.931396484375]",./urban_data/tencities/GenAI_density/Kinshasa/satellite_images_z17/r1_d1_cv/60_37_r1_d1_cv.jpg,"[47.3, 389.6, 242.7]",Satellite imagery of Kinshasa. The total built-up surface area is 47.3 thousand square meters. The total built-up volume is 389.6 thousand cubic meters. The population in this area is about 242.7.,16.8682918548584,bottom5
60_37_r1_d1,_kinshasa,kinshasa,/Users/wangzhuoyulucas/SMART /generatedImg/show-case-FID/60_37_r1_d1___Kinshasa____2.png,"[51.830684661865234, 488.6287841796875, 898.4257202148438]",./urban_data/tencities/GenAI_density/Kinshasa/satellite_images_z17/r1_d1_cv/60_37_r1_d1_cv.jpg,"[47.3, 389.6, 242.7]",Satellite imagery of Kinshasa. The total built-up surface area is 47.3 thousand square meters. The total built-up volume is 389.6 thousand cubic meters. The population in this area is about 242.7.,16.83401870727539,bottom5
40_84_r0_d0,_kinshasa,kinshasa,/Users/wangzhuoyulucas/SMART /generatedImg/show-case-FID/40_84_r0_d0___Kinshasa____0.png,"[74.07748413085938, 571.4930419921875, 4081.171142578125]",./urban_data/tencities/GenAI_density/Kinshasa/satellite_images_z17/r0_d0_cv/40_84_r0_d0_cv.jpg,"[69.4, 611.8, 983.2]",Satellite imagery of Kinshasa. The total built-up surface area is 69.4 thousand square meters. The total built-up volume is 611.8 thousand cubic meters. The population in this area is about 983.2.,16.694412231445312,bottom5
25_39_r0_d1,_kinshasa,kinshasa,/Users/wangzhuoyulucas/SMART /generatedImg/show-case-FID/25_39_r0_d1___Kinshasa____0.png,"[71.68666076660156, 555.1904296875, 3253.280029296875]",./urban_data/tencities/GenAI_density/Kinshasa/satellite_images_z17/r0_d1_cv/25_39_r0_d1_cv.jpg,"[64.5, 612.2, 5688.8]",Satellite imagery of Kinshasa. The total built-up surface area is 64.5 thousand square meters. The total built-up volume is 612.2 thousand cubic meters. The population in this area is about 5688.8.,16.43596076965332,bottom5
55_31_r0_d1,_kinshasa,kinshasa,/Users/wangzhuoyulucas/SMART /generatedImg/show-case-FID/55_31_r0_d1___Kinshasa____2.png,"[82.55413055419922, 570.0816650390625, 3806.022216796875]",./urban_data/tencities/GenAI_density/Kinshasa/satellite_images_z17/r0_d1_cv/55_31_r0_d1_cv.jpg,"[78.4, 572.4, 4568.1]",Satellite imagery of Kinshasa. The total built-up surface area is 78.4 thousand square meters. The total built-up volume is 572.4 thousand cubic meters. The population in this area is about 4568.1.,16.07990264892578,bottom5
40_76_r0_d1,_mexico,mexico,/Users/wangzhuoyulucas/SMART /generatedImg/show-case-FID/40_76_r0_d1___Mexico____2.png,"[0.13937686383724202, 0.7277863025665281, 1.195949792861938]",./urban_data/tencities/GenAI_density/Mexico/satellite_images_z17/r0_d1_cv/40_76_r0_d1_cv.jpg,"[0.2, 0.5, 0.5]",Satellite imagery of Mexico. The total built-up surface area is 0.2 thousand square meters. The total built-up volume is 0.5 thousand cubic meters. The population in this area is about 0.5.,18.107744216918945,top5
40_76_r0_d1,_mexico,mexico,/Users/wangzhuoyulucas/SMART /generatedImg/show-case-FID/40_76_r0_d1___Mexico____0.png,"[0.30814900994300803, 2.038182973861694, 4.447962760925293]",./urban_data/tencities/GenAI_density/Mexico/satellite_images_z17/r0_d1_cv/40_76_r0_d1_cv.jpg,"[0.2, 0.5, 0.5]",Satellite imagery of Mexico. The total built-up surface area is 0.2 thousand square meters. The total built-up volume is 0.5 thousand cubic meters. The population in this area is about 0.5.,18.088382720947266,top5
40_76_r0_d1,_mexico,mexico,/Users/wangzhuoyulucas/SMART /generatedImg/show-case-FID/40_76_r0_d1___Mexico____1.png,"[3.257396459579467, 22.93976402282715, 35.94551467895508]",./urban_data/tencities/GenAI_density/Mexico/satellite_images_z17/r0_d1_cv/40_76_r0_d1_cv.jpg,"[0.2, 0.5, 0.5]",Satellite imagery of Mexico. The total built-up surface area is 0.2 thousand square meters. The total built-up volume is 0.5 thousand cubic meters. The population in this area is about 0.5.,18.025728225708008,top5
46_28_r0_d0,_mexico,mexico,/Users/wangzhuoyulucas/SMART /generatedImg/show-case-FID/46_28_r0_d0___Mexico____1.png,"[74.68817138671875, 626.7420654296875, 2289.072265625]",./urban_data/tencities/GenAI_density/Mexico/satellite_images_z17/r0_d0_cv/46_28_r0_d0_cv.jpg,"[74.0, 760.9, 2102.4]",Satellite imagery of Mexico. The total built-up surface area is 74.0 thousand square meters. The total built-up volume is 760.9 thousand cubic meters. The population in this area is about 2102.4.,17.827594757080078,top5
11_42_r0_d1,_mexico,mexico,/Users/wangzhuoyulucas/SMART /generatedImg/show-case-FID/11_42_r0_d1___Mexico____0.png,"[76.21528625488281, 603.4813232421875, 1400.57421875]",./urban_data/tencities/GenAI_density/Mexico/satellite_images_z17/r0_d1_cv/11_42_r0_d1_cv.jpg,"[74.5, 664.3, 2357.7]",Satellite imagery of Mexico. The total built-up surface area is 74.5 thousand square meters. The total built-up volume is 664.3 thousand cubic meters. The population in this area is about 2357.7.,17.813526153564453,top5
38_12_r0_d0,_mexico,mexico,/Users/wangzhuoyulucas/SMART /generatedImg/show-case-FID/38_12_r0_d0___Mexico____2.png,"[29.39725112915039, 287.31591796875, 462.4485168457031]",./urban_data/tencities/GenAI_density/Mexico/satellite_images_z17/r0_d0_cv/38_12_r0_d0_cv.jpg,"[25.8, 266.5, 105.5]",Satellite imagery of Mexico. The total built-up surface area is 25.8 thousand square meters. The total built-up volume is 266.5 thousand cubic meters. The population in this area is about 105.5.,17.116313934326172,bottom5
1_6_r0_d0,_mexico,mexico,/Users/wangzhuoyulucas/SMART /generatedImg/show-case-FID/1_6_r0_d0___Mexico____1.png,"[70.00045013427734, 985.4249267578125, 1861.3543701171875]",./urban_data/tencities/GenAI_density/Mexico/satellite_images_z17/r0_d0_cv/1_6_r0_d0_cv.jpg,"[61.4, 718.1, 2081.9]",Satellite imagery of Mexico. The total built-up surface area is 61.4 thousand square meters. The total built-up volume is 718.1 thousand cubic meters. The population in this area is about 2081.9.,17.0655574798584,bottom5
37_71_r0_d0,_mexico,mexico,/Users/wangzhuoyulucas/SMART /generatedImg/show-case-FID/37_71_r0_d0___Mexico____1.png,"[1.722930788993835, 9.81357192993164, 14.177874565124512]",./urban_data/tencities/GenAI_density/Mexico/satellite_images_z17/r0_d0_cv/37_71_r0_d0_cv.jpg,"[1.5, 3.7, 3.6]",Satellite imagery of Mexico. The total built-up surface area is 1.5 thousand square meters. The total built-up volume is 3.7 thousand cubic meters. The population in this area is about 3.6.,16.94689178466797,bottom5
21_59_r0_d1,_mexico,mexico,/Users/wangzhuoyulucas/SMART /generatedImg/show-case-FID/21_59_r0_d1___Mexico____2.png,"[46.42188262939453, 402.1414489746094, 969.113037109375]",./urban_data/tencities/GenAI_density/Mexico/satellite_images_z17/r0_d1_cv/21_59_r0_d1_cv.jpg,"[22.7, 165.5, 675.6]",Satellite imagery of Mexico. The total built-up surface area is 22.7 thousand square meters. The total built-up volume is 165.5 thousand cubic meters. The population in this area is about 675.6.,16.92815399169922,bottom5
37_71_r0_d0,_mexico,mexico,/Users/wangzhuoyulucas/SMART /generatedImg/show-case-FID/37_71_r0_d0___Mexico____0.png,"[3.071565151214599, 19.904626846313477, 24.94391632080078]",./urban_data/tencities/GenAI_density/Mexico/satellite_images_z17/r0_d0_cv/37_71_r0_d0_cv.jpg,"[1.5, 3.7, 3.6]",Satellite imagery of Mexico. The total built-up surface area is 1.5 thousand square meters. The total built-up volume is 3.7 thousand cubic meters. The population in this area is about 3.6.,15.629082679748535,bottom5
22_20_r1_d0,_munich,munich,/Users/wangzhuoyulucas/SMART /generatedImg/show-case-FID/22_20_r1_d0___Munich____0.png,"[35.71318435668945, 265.03668212890625, 1132.799560546875]",./urban_data/tencities/GenAI_density/Munich/satellite_images_z17/r1_d0_cv/22_20_r1_d0_cv.jpg,"[32.3, 180.5, 874.4]",Satellite imagery of Munich. The total built-up surface area is 32.3 thousand square meters. The total built-up volume is 180.5 thousand cubic meters. The population in this area is about 874.4.,18.09721565246582,top5
13_40_r0_d0,_munich,munich,/Users/wangzhuoyulucas/SMART /generatedImg/show-case-FID/13_40_r0_d0___Munich____2.png,"[16.677391052246094, 98.4542007446289, 331.3415832519531]",./urban_data/tencities/GenAI_density/Munich/satellite_images_z17/r0_d0_cv/13_40_r0_d0_cv.jpg,"[23.5, 135.9, 114.1]",Satellite imagery of Munich. The total built-up surface area is 23.5 thousand square meters. The total built-up volume is 135.9 thousand cubic meters. The population in this area is about 114.1.,18.079933166503906,top5
15_41_r0_d0,_munich,munich,/Users/wangzhuoyulucas/SMART /generatedImg/show-case-FID/15_41_r0_d0___Munich____2.png,"[3.8827393054962163, 13.4314546585083, 50.030826568603516]",./urban_data/tencities/GenAI_density/Munich/satellite_images_z17/r0_d0_cv/15_41_r0_d0_cv.jpg,"[4.3, 11.5, 58.5]",Satellite imagery of Munich. The total built-up surface area is 4.3 thousand square meters. The total built-up volume is 11.5 thousand cubic meters. The population in this area is about 58.5.,18.07623291015625,top5
20_17_r1_d0,_munich,munich,/Users/wangzhuoyulucas/SMART /generatedImg/show-case-FID/20_17_r1_d0___Munich____0.png,"[6.093089580535889, 37.13666915893555, 55.00497817993164]",./urban_data/tencities/GenAI_density/Munich/satellite_images_z17/r1_d0_cv/20_17_r1_d0_cv.jpg,"[3.3, 9.6, 49.2]",Satellite imagery of Munich. The total built-up surface area is 3.3 thousand square meters. The total built-up volume is 9.6 thousand cubic meters. The population in this area is about 49.2.,18.06722068786621,top5
50_17_r0_d2,_munich,munich,/Users/wangzhuoyulucas/SMART /generatedImg/show-case-FID/50_17_r0_d2___Munich____2.png,"[5.961343288421631, 42.327693939208984, 129.06655883789062]",./urban_data/tencities/GenAI_density/Munich/satellite_images_z17/r0_d2_cv/50_17_r0_d2_cv.jpg,"[6.5, 36.6, 81.8]",Satellite imagery of Munich. The total built-up surface area is 6.5 thousand square meters. The total built-up volume is 36.6 thousand cubic meters. The population in this area is about 81.8.,18.012550354003906,top5
21_63_r0_d2,_munich,munich,/Users/wangzhuoyulucas/SMART /generatedImg/show-case-FID/21_63_r0_d2___Munich____1.png,"[16.304405212402344, 105.1664810180664, 370.0322265625]",./urban_data/tencities/GenAI_density/Munich/satellite_images_z17/r0_d2_cv/21_63_r0_d2_cv.jpg,"[13.7, 73.9, 232.8]",Satellite imagery of Munich. The total built-up surface area is 13.7 thousand square meters. The total built-up volume is 73.9 thousand cubic meters. The population in this area is about 232.8.,17.328405380249023,bottom5
25_27_r0_d0,_munich,munich,/Users/wangzhuoyulucas/SMART /generatedImg/show-case-FID/25_27_r0_d0___Munich____2.png,"[47.18845748901367, 597.8709716796875, 1809.157470703125]",./urban_data/tencities/GenAI_density/Munich/satellite_images_z17/r0_d0_cv/25_27_r0_d0_cv.jpg,"[40.6, 355.4, 1574.5]",Satellite imagery of Munich. The total built-up surface area is 40.6 thousand square meters. The total built-up volume is 355.4 thousand cubic meters. The population in this area is about 1574.5.,17.321775436401367,bottom5
27_43_r0_d2,_munich,munich,/Users/wangzhuoyulucas/SMART /generatedImg/show-case-FID/27_43_r0_d2___Munich____0.png,"[57.717403411865234, 731.80322265625, 2272.508544921875]",./urban_data/tencities/GenAI_density/Munich/satellite_images_z17/r0_d2_cv/27_43_r0_d2_cv.jpg,"[54.0, 493.6, 1199.9]",Satellite imagery of Munich. The total built-up surface area is 54.0 thousand square meters. The total built-up volume is 493.6 thousand cubic meters. The population in this area is about 1199.9.,17.262435913085938,bottom5
46_12_r0_d0,_munich,munich,/Users/wangzhuoyulucas/SMART /generatedImg/show-case-FID/46_12_r0_d0___Munich____1.png,"[31.903844833374023, 268.303466796875, 1226.9561767578125]",./urban_data/tencities/GenAI_density/Munich/satellite_images_z17/r0_d0_cv/46_12_r0_d0_cv.jpg,"[27.7, 169.9, 858.9]",Satellite imagery of Munich. The total built-up surface area is 27.7 thousand square meters. The total built-up volume is 169.9 thousand cubic meters. The population in this area is about 858.9.,17.23161506652832,bottom5
27_6_r0_d1,_munich,munich,/Users/wangzhuoyulucas/SMART /generatedImg/show-case-FID/27_6_r0_d1___Munich____1.png,"[24.007511138916016, 153.2946014404297, 398.97454833984375]",./urban_data/tencities/GenAI_density/Munich/satellite_images_z17/r0_d1_cv/27_6_r0_d1_cv.jpg,"[21.2, 113.9, 224.7]",Satellite imagery of Munich. The total built-up surface area is 21.2 thousand square meters. The total built-up volume is 113.9 thousand cubic meters. The population in this area is about 224.7.,17.05352210998535,bottom5
43_14_r0_d0,_orlando,orlando,/Users/wangzhuoyulucas/SMART /generatedImg/show-case-FID/43_14_r0_d0___Orlando____1.png,"[0.344006478786468, 2.720018863677978, 14.592541694641113]",./urban_data/tencities/GenAI_density/Orlando/satellite_images_z17/r0_d0_cv/43_14_r0_d0_cv.jpg,"[0.0, 0.0, 0.0]",Satellite imagery of Orlando. The total built-up surface area is 0.0 thousand square meters. The total built-up volume is 0.0 thousand cubic meters. The population in this area is about 0.0.,19.12218475341797,top5
43_14_r0_d0,_orlando,orlando,/Users/wangzhuoyulucas/SMART /generatedImg/show-case-FID/43_14_r0_d0___Orlando____2.png,"[0.598204731941223, 4.811713695526123, 9.045991897583008]",./urban_data/tencities/GenAI_density/Orlando/satellite_images_z17/r0_d0_cv/43_14_r0_d0_cv.jpg,"[0.0, 0.0, 0.0]",Satellite imagery of Orlando. The total built-up surface area is 0.0 thousand square meters. The total built-up volume is 0.0 thousand cubic meters. The population in this area is about 0.0.,19.0064754486084,top5
43_14_r0_d0,_orlando,orlando,/Users/wangzhuoyulucas/SMART /generatedImg/show-case-FID/43_14_r0_d0___Orlando____0.png,"[0.129537925124168, 1.366658926010131, 5.451538562774658]",./urban_data/tencities/GenAI_density/Orlando/satellite_images_z17/r0_d0_cv/43_14_r0_d0_cv.jpg,"[0.0, 0.0, 0.0]",Satellite imagery of Orlando. The total built-up surface area is 0.0 thousand square meters. The total built-up volume is 0.0 thousand cubic meters. The population in this area is about 0.0.,18.968244552612305,top5
67_36_r0_d0,_orlando,orlando,/Users/wangzhuoyulucas/SMART /generatedImg/show-case-FID/67_36_r0_d0___Orlando____2.png,"[57.90744400024414, 823.2003173828125, 163.0414581298828]",./urban_data/tencities/GenAI_density/Orlando/satellite_images_z17/r0_d0_cv/67_36_r0_d0_cv.jpg,"[42.0, 388.0, 241.9]",Satellite imagery of Orlando. The total built-up surface area is 42.0 thousand square meters. The total built-up volume is 388.0 thousand cubic meters. The population in this area is about 241.9.,18.8630428314209,top5
47_37_r0_d0,_orlando,orlando,/Users/wangzhuoyulucas/SMART /generatedImg/show-case-FID/47_37_r0_d0___Orlando____2.png,"[51.851593017578125, 408.0079345703125, 287.7326354980469]",./urban_data/tencities/GenAI_density/Orlando/satellite_images_z17/r0_d0_cv/47_37_r0_d0_cv.jpg,"[53.1, 494.7, 379.3]",Satellite imagery of Orlando. The total built-up surface area is 53.1 thousand square meters. The total built-up volume is 494.7 thousand cubic meters. The population in this area is about 379.3.,18.853656768798828,top5
82_20_r0_d1,_orlando,orlando,/Users/wangzhuoyulucas/SMART /generatedImg/show-case-FID/82_20_r0_d1___Orlando____1.png,"[27.679203033447266, 236.2142791748047, 238.70179748535156]",./urban_data/tencities/GenAI_density/Orlando/satellite_images_z17/r0_d1_cv/82_20_r0_d1_cv.jpg,"[27.0, 197.2, 331.8]",Satellite imagery of Orlando. The total built-up surface area is 27.0 thousand square meters. The total built-up volume is 197.2 thousand cubic meters. The population in this area is about 331.8.,17.68662452697754,bottom5
94_46_r0_d1,_orlando,orlando,/Users/wangzhuoyulucas/SMART /generatedImg/show-case-FID/94_46_r0_d1___Orlando____1.png,"[4.910048961639404, 31.138710021972656, 42.4704475402832]",./urban_data/tencities/GenAI_density/Orlando/satellite_images_z17/r0_d1_cv/94_46_r0_d1_cv.jpg,"[6.4, 26.9, 8.3]",Satellite imagery of Orlando. The total built-up surface area is 6.4 thousand square meters. The total built-up volume is 26.9 thousand cubic meters. The population in this area is about 8.3.,17.521095275878906,bottom5
82_20_r0_d1,_orlando,orlando,/Users/wangzhuoyulucas/SMART /generatedImg/show-case-FID/82_20_r0_d1___Orlando____0.png,"[27.13089942932129, 226.73622131347656, 205.5535888671875]",./urban_data/tencities/GenAI_density/Orlando/satellite_images_z17/r0_d1_cv/82_20_r0_d1_cv.jpg,"[27.0, 197.2, 331.8]",Satellite imagery of Orlando. The total built-up surface area is 27.0 thousand square meters. The total built-up volume is 197.2 thousand cubic meters. The population in this area is about 331.8.,17.413644790649414,bottom5
63_31_r0_d1,_orlando,orlando,/Users/wangzhuoyulucas/SMART /generatedImg/show-case-FID/63_31_r0_d1___Orlando____0.png,"[16.4519100189209, 223.96563720703125, 130.2694091796875]",./urban_data/tencities/GenAI_density/Orlando/satellite_images_z17/r0_d1_cv/63_31_r0_d1_cv.jpg,"[10.8, 43.8, 185.0]",Satellite imagery of Orlando. The total built-up surface area is 10.8 thousand square meters. The total built-up volume is 43.8 thousand cubic meters. The population in this area is about 185.0.,17.192394256591797,bottom5
94_46_r0_d1,_orlando,orlando,/Users/wangzhuoyulucas/SMART /generatedImg/show-case-FID/94_46_r0_d1___Orlando____2.png,"[1.985102295875549, 10.971857070922852, 39.90367126464844]",./urban_data/tencities/GenAI_density/Orlando/satellite_images_z17/r0_d1_cv/94_46_r0_d1_cv.jpg,"[6.4, 26.9, 8.3]",Satellite imagery of Orlando. The total built-up surface area is 6.4 thousand square meters. The total built-up volume is 26.9 thousand cubic meters. The population in this area is about 8.3.,16.8724365234375,bottom5
21_39_r0_d0,_mexico,saopaulo,/Users/wangzhuoyulucas/SMART /generatedImg/show-case-FID/21_39_r0_d0___Mexico____2.png,"[78.69759368896484, 809.773681640625, 2927.7294921875]",./urban_data/tencities/GenAI_density/SaoPaulo/satellite_images_z17/r0_d0_cv/21_39_r0_d0_cv.jpg,"[76.5, 835.9, 1880.3]",Satellite imagery of SaoPaulo. The total built-up surface area is 76.5 thousand square meters. The total built-up volume is 835.9 thousand cubic meters. The population in this area is about 1880.3.,18.009292602539062,top5
38_22_r0_d1,_saopaulo,saopaulo,/Users/wangzhuoyulucas/SMART /generatedImg/show-case-FID/38_22_r0_d1___SaoPaulo____1.png,"[67.80350494384766, 2401.46533203125, 1815.775146484375]",./urban_data/tencities/GenAI_density/SaoPaulo/satellite_images_z17/r0_d1_cv/38_22_r0_d1_cv.jpg,"[72.0, 2171.7, 3473.2]",Satellite imagery of SaoPaulo. The total built-up surface area is 72.0 thousand square meters. The total built-up volume is 2171.7 thousand cubic meters. The population in this area is about 3473.2.,17.863174438476562,top5
21_39_r0_d0,_mexico,saopaulo,/Users/wangzhuoyulucas/SMART /generatedImg/show-case-FID/21_39_r0_d0___Mexico____0.png,"[76.0573959350586, 761.515625, 2056.879150390625]",./urban_data/tencities/GenAI_density/SaoPaulo/satellite_images_z17/r0_d0_cv/21_39_r0_d0_cv.jpg,"[76.5, 835.9, 1880.3]",Satellite imagery of SaoPaulo. The total built-up surface area is 76.5 thousand square meters. The total built-up volume is 835.9 thousand cubic meters. The population in this area is about 1880.3.,17.846023559570312,top5
27_66_r0_d1,_saopaulo,saopaulo,/Users/wangzhuoyulucas/SMART /generatedImg/show-case-FID/27_66_r0_d1___SaoPaulo____0.png,"[76.94928741455078, 973.2318115234375, 1052.7078857421875]",./urban_data/tencities/GenAI_density/SaoPaulo/satellite_images_z17/r0_d1_cv/27_66_r0_d1_cv.jpg,"[64.5, 766.6, 2491.9]",Satellite imagery of SaoPaulo. The total built-up surface area is 64.5 thousand square meters. The total built-up volume is 766.6 thousand cubic meters. The population in this area is about 2491.9.,17.807300567626953,top5
27_66_r0_d1,_saopaulo,saopaulo,/Users/wangzhuoyulucas/SMART /generatedImg/show-case-FID/27_66_r0_d1___SaoPaulo____1.png,"[65.78551483154297, 1518.7215576171875, 1230.29248046875]",./urban_data/tencities/GenAI_density/SaoPaulo/satellite_images_z17/r0_d1_cv/27_66_r0_d1_cv.jpg,"[64.5, 766.6, 2491.9]",Satellite imagery of SaoPaulo. The total built-up surface area is 64.5 thousand square meters. The total built-up volume is 766.6 thousand cubic meters. The population in this area is about 2491.9.,17.79856300354004,top5
21_39_r0_d0,_saopaulo,saopaulo,/Users/wangzhuoyulucas/SMART /generatedImg/show-case-FID/21_39_r0_d0___SaoPaulo____2.png,"[76.58002471923828, 1314.6302490234375, 1936.7489013671875]",./urban_data/tencities/GenAI_density/SaoPaulo/satellite_images_z17/r0_d0_cv/21_39_r0_d0_cv.jpg,"[76.5, 835.9, 1880.3]",Satellite imagery of SaoPaulo. The total built-up surface area is 76.5 thousand square meters. The total built-up volume is 835.9 thousand cubic meters. The population in this area is about 1880.3.,16.93305015563965,bottom5
57_23_r0_d1,_saopaulo,saopaulo,/Users/wangzhuoyulucas/SMART /generatedImg/show-case-FID/57_23_r0_d1___SaoPaulo____2.png,"[71.98397064208984, 1126.565673828125, 706.0396728515625]",./urban_data/tencities/GenAI_density/SaoPaulo/satellite_images_z17/r0_d1_cv/57_23_r0_d1_cv.jpg,"[61.5, 906.8, 1442.0]",Satellite imagery of SaoPaulo. The total built-up surface area is 61.5 thousand square meters. The total built-up volume is 906.8 thousand cubic meters. The population in this area is about 1442.0.,16.929031372070312,bottom5
53_71_r0_d0,_saopaulo,saopaulo,/Users/wangzhuoyulucas/SMART /generatedImg/show-case-FID/53_71_r0_d0___SaoPaulo____2.png,"[76.83407592773438, 1097.376220703125, 1525.4560546875]",./urban_data/tencities/GenAI_density/SaoPaulo/satellite_images_z17/r0_d0_cv/53_71_r0_d0_cv.jpg,"[78.7, 1011.5, 2930.4]",Satellite imagery of SaoPaulo. The total built-up surface area is 78.7 thousand square meters. The total built-up volume is 1011.5 thousand cubic meters. The population in this area is about 2930.4.,16.904115676879883,bottom5
25_30_r0_d1,_saopaulo,saopaulo,/Users/wangzhuoyulucas/SMART /generatedImg/show-case-FID/25_30_r0_d1___SaoPaulo____2.png,"[76.1337890625, 1244.43505859375, 1814.0869140625]",./urban_data/tencities/GenAI_density/SaoPaulo/satellite_images_z17/r0_d1_cv/25_30_r0_d1_cv.jpg,"[75.7, 951.4, 1422.3]",Satellite imagery of SaoPaulo. The total built-up surface area is 75.7 thousand square meters. The total built-up volume is 951.4 thousand cubic meters. The population in this area is about 1422.3.,16.86634063720703,bottom5
4_36_r0_d1,_saopaulo,saopaulo,/Users/wangzhuoyulucas/SMART /generatedImg/show-case-FID/4_36_r0_d1___SaoPaulo____2.png,"[68.13156127929688, 1284.1768798828125, 1004.6190185546875]",./urban_data/tencities/GenAI_density/SaoPaulo/satellite_images_z17/r0_d1_cv/4_36_r0_d1_cv.jpg,"[59.8, 788.2, 4290.2]",Satellite imagery of SaoPaulo. The total built-up surface area is 59.8 thousand square meters. The total built-up volume is 788.2 thousand cubic meters. The population in this area is about 4290.2.,16.76453971862793,bottom5
14_32_r0_d0,_singapore,singapore,/Users/wangzhuoyulucas/SMART /generatedImg/show-case-FID/14_32_r0_d0___Singapore____1.png,"[62.88773727416992, 1428.6904296875, 10993.1611328125]",./urban_data/tencities/GenAI_density/Singapore/satellite_images_z17/r0_d0_cv/14_32_r0_d0_cv.jpg,"[63.8, 876.0, 1579.5]",Satellite imagery of Singapore. The total built-up surface area is 63.8 thousand square meters. The total built-up volume is 876.0 thousand cubic meters. The population in this area is about 1579.5.,18.081958770751953,top5
17_40_r1_d1,_singapore,singapore,/Users/wangzhuoyulucas/SMART /generatedImg/show-case-FID/17_40_r1_d1___Singapore____1.png,"[65.3422622680664, 1436.182861328125, 8929.7568359375]",./urban_data/tencities/GenAI_density/Singapore/satellite_images_z17/r1_d1_cv/17_40_r1_d1_cv.jpg,"[52.0, 780.6, 2831.3]",Satellite imagery of Singapore. The total built-up surface area is 52.0 thousand square meters. The total built-up volume is 780.6 thousand cubic meters. The population in this area is about 2831.3.,18.07448959350586,top5
39_40_r1_d0,_singapore,singapore,/Users/wangzhuoyulucas/SMART /generatedImg/show-case-FID/39_40_r1_d0___Singapore____1.png,"[0.5593380928039551, 2.432767152786255, 7.846433162689209]",./urban_data/tencities/GenAI_density/Singapore/satellite_images_z17/r1_d0_cv/39_40_r1_d0_cv.jpg,"[0.0, 0.0, 0.0]",Satellite imagery of Singapore. The total built-up surface area is 0.0 thousand square meters. The total built-up volume is 0.0 thousand cubic meters. The population in this area is about 0.0.,18.01236343383789,top5
3_49_r1_d1,_singapore,singapore,/Users/wangzhuoyulucas/SMART /generatedImg/show-case-FID/3_49_r1_d1___Singapore____2.png,"[0.049596227705478, 0.621717572212219, 2.538431882858276]",./urban_data/tencities/GenAI_density/Singapore/satellite_images_z17/r1_d1_cv/3_49_r1_d1_cv.jpg,"[0.0, 0.0, 0.0]",Satellite imagery of Singapore. The total built-up surface area is 0.0 thousand square meters. The total built-up volume is 0.0 thousand cubic meters. The population in this area is about 0.0.,18.007305145263672,top5
3_49_r1_d1,_singapore,singapore,/Users/wangzhuoyulucas/SMART /generatedImg/show-case-FID/3_49_r1_d1___Singapore____0.png,"[0.039711855351924, 0.495157003402709, 2.082064628601074]",./urban_data/tencities/GenAI_density/Singapore/satellite_images_z17/r1_d1_cv/3_49_r1_d1_cv.jpg,"[0.0, 0.0, 0.0]",Satellite imagery of Singapore. The total built-up surface area is 0.0 thousand square meters. The total built-up volume is 0.0 thousand cubic meters. The population in this area is about 0.0.,18.000402450561523,top5
17_8_r1_d0,_singapore,singapore,/Users/wangzhuoyulucas/SMART /generatedImg/show-case-FID/17_8_r1_d0___Singapore____1.png,"[50.9681510925293, 834.0474243164062, 438.8221130371094]",./urban_data/tencities/GenAI_density/Singapore/satellite_images_z17/r1_d0_cv/17_8_r1_d0_cv.jpg,"[46.9, 505.6, 0.0]",Satellite imagery of Singapore. The total built-up surface area is 46.9 thousand square meters. The total built-up volume is 505.6 thousand cubic meters. The population in this area is about 0.0.,17.019573211669922,bottom5
17_40_r1_d1,_singapore,singapore,/Users/wangzhuoyulucas/SMART /generatedImg/show-case-FID/17_40_r1_d1___Singapore____0.png,"[63.751808166503906, 1373.4462890625, 4992.7529296875]",./urban_data/tencities/GenAI_density/Singapore/satellite_images_z17/r1_d1_cv/17_40_r1_d1_cv.jpg,"[52.0, 780.6, 2831.3]",Satellite imagery of Singapore. The total built-up surface area is 52.0 thousand square meters. The total built-up volume is 780.6 thousand cubic meters. The population in this area is about 2831.3.,16.939228057861328,bottom5
17_55_r1_d0,_singapore,singapore,/Users/wangzhuoyulucas/SMART /generatedImg/show-case-FID/17_55_r1_d0___Singapore____1.png,"[41.39078140258789, 638.0475463867188, 3717.16064453125]",./urban_data/tencities/GenAI_density/Singapore/satellite_images_z17/r1_d0_cv/17_55_r1_d0_cv.jpg,"[16.7, 117.1, 76.4]",Satellite imagery of Singapore. The total built-up surface area is 16.7 thousand square meters. The total built-up volume is 117.1 thousand cubic meters. The population in this area is about 76.4.,16.896780014038086,bottom5
16_55_r1_d1,_singapore,singapore,/Users/wangzhuoyulucas/SMART /generatedImg/show-case-FID/16_55_r1_d1___Singapore____0.png,"[37.01118469238281, 617.260986328125, 3475.33544921875]",./urban_data/tencities/GenAI_density/Singapore/satellite_images_z17/r1_d1_cv/16_55_r1_d1_cv.jpg,"[18.0, 129.5, 127.2]",Satellite imagery of Singapore. The total built-up surface area is 18.0 thousand square meters. The total built-up volume is 129.5 thousand cubic meters. The population in this area is about 127.2.,16.89215850830078,bottom5
39_87_r0_d1,_singapore,singapore,/Users/wangzhuoyulucas/SMART /generatedImg/show-case-FID/39_87_r0_d1___Singapore____1.png,"[44.158180236816406, 684.0291137695312, 1137.8470458984375]",./urban_data/tencities/GenAI_density/Singapore/satellite_images_z17/r0_d1_cv/39_87_r0_d1_cv.jpg,"[9.2, 23.3, 117.1]",Satellite imagery of Singapore. The total built-up surface area is 9.2 thousand square meters. The total built-up volume is 23.3 thousand cubic meters. The population in this area is about 117.1.,16.387779235839844,bottom5
58_28_r0_d2,_stockholm,stockholm,/Users/wangzhuoyulucas/SMART /generatedImg/show-case-FID/58_28_r0_d2___Stockholm____2.png,"[0.646760880947113, 6.42317008972168, 35.08837890625]",./urban_data/tencities/GenAI_density/Stockholm/satellite_images_z17/r0_d2_cv/58_28_r0_d2_cv.jpg,"[0.0, 0.0, 0.0]",Satellite imagery of Stockholm. The total built-up surface area is 0.0 thousand square meters. The total built-up volume is 0.0 thousand cubic meters. The population in this area is about 0.0.,18.577280044555664,top5
58_28_r0_d2,_stockholm,stockholm,/Users/wangzhuoyulucas/SMART /generatedImg/show-case-FID/58_28_r0_d2___Stockholm____0.png,"[0.32296904921531605, 3.636746883392334, 20.9885311126709]",./urban_data/tencities/GenAI_density/Stockholm/satellite_images_z17/r0_d2_cv/58_28_r0_d2_cv.jpg,"[0.0, 0.0, 0.0]",Satellite imagery of Stockholm. The total built-up surface area is 0.0 thousand square meters. The total built-up volume is 0.0 thousand cubic meters. The population in this area is about 0.0.,18.548812866210938,top5
39_48_r1_d1,_stockholm,stockholm,/Users/wangzhuoyulucas/SMART /generatedImg/show-case-FID/39_48_r1_d1___Stockholm____1.png,"[1.312458157539367, 11.456849098205566, 48.5554084777832]",./urban_data/tencities/GenAI_density/Stockholm/satellite_images_z17/r1_d1_cv/39_48_r1_d1_cv.jpg,"[0.1, 0.30000000000000004, 0.5]",Satellite imagery of Stockholm. The total built-up surface area is 0.1 thousand square meters. The total built-up volume is 0.3 thousand cubic meters. The population in this area is about 0.5.,18.297300338745117,top5
39_48_r1_d1,_stockholm,stockholm,/Users/wangzhuoyulucas/SMART /generatedImg/show-case-FID/39_48_r1_d1___Stockholm____0.png,"[1.193096041679382, 10.552331924438477, 52.39121627807617]",./urban_data/tencities/GenAI_density/Stockholm/satellite_images_z17/r1_d1_cv/39_48_r1_d1_cv.jpg,"[0.1, 0.30000000000000004, 0.5]",Satellite imagery of Stockholm. The total built-up surface area is 0.1 thousand square meters. The total built-up volume is 0.3 thousand cubic meters. The population in this area is about 0.5.,18.214155197143555,top5
39_48_r1_d1,_stockholm,stockholm,/Users/wangzhuoyulucas/SMART /generatedImg/show-case-FID/39_48_r1_d1___Stockholm____2.png,"[9.32677173614502, 66.01927947998047, 36.67666244506836]",./urban_data/tencities/GenAI_density/Stockholm/satellite_images_z17/r1_d1_cv/39_48_r1_d1_cv.jpg,"[0.1, 0.30000000000000004, 0.5]",Satellite imagery of Stockholm. The total built-up surface area is 0.1 thousand square meters. The total built-up volume is 0.3 thousand cubic meters. The population in this area is about 0.5.,18.205278396606445,top5
56_10_r1_d0,_stockholm,stockholm,/Users/wangzhuoyulucas/SMART /generatedImg/show-case-FID/56_10_r1_d0___Stockholm____1.png,"[16.858013153076172, 183.8384246826172, 556.9931640625]",./urban_data/tencities/GenAI_density/Stockholm/satellite_images_z17/r1_d0_cv/56_10_r1_d0_cv.jpg,"[13.7, 80.6, 197.7]",Satellite imagery of Stockholm. The total built-up surface area is 13.7 thousand square meters. The total built-up volume is 80.6 thousand cubic meters. The population in this area is about 197.7.,16.79571533203125,bottom5
52_14_r0_d2,_stockholm,stockholm,/Users/wangzhuoyulucas/SMART /generatedImg/show-case-FID/52_14_r0_d2___Stockholm____1.png,"[18.78972816467285, 148.0168914794922, 757.282470703125]",./urban_data/tencities/GenAI_density/Stockholm/satellite_images_z17/r0_d2_cv/52_14_r0_d2_cv.jpg,"[11.6, 32.6, 117.4]",Satellite imagery of Stockholm. The total built-up surface area is 11.6 thousand square meters. The total built-up volume is 32.6 thousand cubic meters. The population in this area is about 117.4.,16.791826248168945,bottom5
56_10_r1_d0,_stockholm,stockholm,/Users/wangzhuoyulucas/SMART /generatedImg/show-case-FID/56_10_r1_d0___Stockholm____0.png,"[13.066875457763672, 79.6681900024414, 323.98333740234375]",./urban_data/tencities/GenAI_density/Stockholm/satellite_images_z17/r1_d0_cv/56_10_r1_d0_cv.jpg,"[13.7, 80.6, 197.7]",Satellite imagery of Stockholm. The total built-up surface area is 13.7 thousand square meters. The total built-up volume is 80.6 thousand cubic meters. The population in this area is about 197.7.,16.653888702392578,bottom5
32_45_r0_d1,_stockholm,stockholm,/Users/wangzhuoyulucas/SMART /generatedImg/show-case-FID/32_45_r0_d1___Stockholm____2.png,"[53.18975067138672, 897.4844970703125, 3981.367431640625]",./urban_data/tencities/GenAI_density/Stockholm/satellite_images_z17/r0_d1_cv/32_45_r0_d1_cv.jpg,"[54.6, 983.0, 4327.3]",Satellite imagery of Stockholm. The total built-up surface area is 54.6 thousand square meters. The total built-up volume is 983.0 thousand cubic meters. The population in this area is about 4327.3.,16.311872482299805,bottom5
32_45_r0_d1,_stockholm,stockholm,/Users/wangzhuoyulucas/SMART /generatedImg/show-case-FID/32_45_r0_d1___Stockholm____0.png,"[56.16551208496094, 984.2197265625, 4484.41357421875]",./urban_data/tencities/GenAI_density/Stockholm/satellite_images_z17/r0_d1_cv/32_45_r0_d1_cv.jpg,"[54.6, 983.0, 4327.3]",Satellite imagery of Stockholm. The total built-up surface area is 54.6 thousand square meters. The total built-up volume is 983.0 thousand cubic meters. The population in this area is about 4327.3.,16.126361846923828,bottom5
